API, Freq
Conv,42767
IndexedSlicesSpec,0
identity_n,98
IndexedSlices,869
identity,8248
guarantee_const,0
histogram_fixed_width_bins,12
group,20446
hessians,11
Graph,14180
grad_pass_through,0
GradientTape,834
histogram_fixed_width,55
gradients,11041
keraslayersMultiply,5
get_static_value,214
get_logger,347
debuggingAssert,7
keraslossesKLD,1
keraspreprocessingimageImageDataGenerator,16
keraslayersmultiply,27
xlaexperimentalcompile,16
trainexperimentalPythonState,2
trainexperimentalenable_mixed_precision_graph_rewrite,2
trainexperimentaldisable_mixed_precision_graph_rewrite,0
trainlist_variables,69
trainlatest_checkpoint,600
trainload_variable,22
trainload_checkpoint,9
trainget_checkpoint_state,361
trainExponentialMovingAverage,285
trainCoordinator,478
traincheckpoints_iterator,1
trainCheckpointManager,41
trainCheckpoint,195
tpuexperimentalshutdown_tpu_system,0
trainClusterSpec,162
tpuexperimentalDeviceAssignment,0
testTestCase,5456
testmain,4264
testis_gpu_available,185
testTestCasefailureException,4
tpuexperimentalinitialize_tpu_system,16
testis_built_with_rocm,0
testis_built_with_gpu_support,0
testis_built_with_cuda,47
testgpu_device_name,14
testBenchmark,47
testcreate_local_cluster,1
testcompute_gradient,423
testbenchmark_config,0
sysconfigget_link_flags,9
testassert_equal_graph_def,5
summaryexperimentalget_step,0
sysconfigget_compile_flags,8
summaryexperimentalset_step,14
sysconfigget_include,7
sysconfigget_lib,8
summarytrace_export,1
summarywrite,30
summarytrace_on,1
summaryexperimentalwrite_raw_pb,0
summarytrace_off,0
summarytext,23
summaryscalar,3603
summaryimage,875
summaryflush,17
summaryhistogram,1037
summarycreate_noop_writer,2
summarycreate_file_writer,120
summaryaudio,47
stringsupper,0
stringsunsorted_segment_join,0
stringsunicode_transcode,0
stringsunicode_split,5
stringsunicode_script,0
stringsunicode_split_with_offsets,0
stringsto_hash_bucket,5
stringsunicode_encode,0
stringsunicode_decode,0
stringsto_number,38
stringsto_hash_bucket_fast,4
stringsunicode_decode_with_offsets,0
stringssubstr,0
stringsto_hash_bucket_strong,0
stringsreduce_join,8
stringsstrip,1
stringsregex_replace,3
stringssplit,20
stringsregex_full_match,4
stringsjoin,0
stringsformat,1
stringsas_string,3
stringslower,2
stringslength,0
stringsbytes_split,0
stringsngrams,0
sparsetranspose,1
sparseto_indicator,0
sparseto_dense,73
sparsesplit,2
sparsesparse_dense_matmul,9
sparsesegment_sum,0
sparsesegment_sqrt_n,0
sparseSparseTensor,18
sparsesoftmax,0
sparseslice,1
sparsereshape,5
sparsesegment_mean,0
sparseretain,2
sparsemask,0
sparsereduce_sum,3
sparsereset_shape,2
sparsefrom_dense,5
sparsereduce_max,0
sparseminimum,0
sparsemaximum,0
sparsefill_empty_rows,2
sparseexpand_dims,1
sparsereorder,3
sparseeye,3
sparsecross,0
sparsecross_hashed,0
sparseadd,3
signalrfft3d,2
signalrfft2d,2
signalrfft,6
sparseconcat,5
signalstft,7
signaloverlap_and_add,0
signallinear_to_mel_weight_matrix,2
signalmfccs_from_log_mel_spectrograms,1
signalifft3d,4
signalirfft,6
signalifftshift,0
signalinverse_stft,5
signalifft2d,4
signalirfft3d,2
signalirfft2d,2
signalinverse_stft_window_fn,1
signalhann_window,2
signalifft,15
signalfftshift,0
signalfft3d,3
signalidct,1
signalfft2d,4
signalframe,0
signalhamming_window,0
signalfft,28
signaldct,1
setsunion,0
setssize,0
setsintersection,2
saved_modelSaveOptions,7
saved_modelsave,48
saved_modelcontains_saved_model,3
saved_modelload,118
saved_modelAsset,1
setsdifference,3
randomexperimentalset_global_generator,0
randomexperimentalget_global_generator,0
randomexperimentalGenerator,0
randomexperimentalcreate_rng_state,0
randomuniform,2742
randomuniform_candidate_sampler,0
randomstateless_normal,5
randompoisson,18
randomstateless_uniform,12
randomshuffle,1451
randomset_seed,305
randomstateless_truncated_normal,2
randomstateless_categorical,5
randomtruncated_normal,49
randomlearned_unigram_candidate_sampler,0
randomcategorical,47
randomnormal,1586
randomall_candidate_sampler,0
randomgamma,34
randomfixed_unigram_candidate_sampler,0
randomlog_uniform_candidate_sampler,1
raggedstack_dynamic_partitions,0
raggedstack,0
raggedsegment_ids_to_row_splits,0
raggedrange,4
raggedmap_flat_values,5
raggedconstant,29
raggedrow_splits_to_segment_ids,0
queueQueueBase,0
queueRandomShuffleQueue,0
raggedboolean_mask,1
queuePaddingFIFOQueue,0
quantizationquantized_concat,0
quantizationquantize_and_dequantize,2
queueFIFOQueue,12
quantizationquantize,8
quantizationfake_quant_with_min_max_vars_per_channel_gradient,0
queuePriorityQueue,2
quantizationfake_quant_with_min_max_vars_per_channel,1
quantizationfake_quant_with_min_max_args_gradient,0
quantizationdequantize,2
quantizationfake_quant_with_min_max_vars_gradient,0
quantizationfake_quant_with_min_max_vars,6
nnweighted_moments,7
quantizationfake_quant_with_min_max_args,1
nnwith_space_to_batch,1
nnsoftmax,2482
nnweighted_cross_entropy_with_logits,19
nnspace_to_depth,3
nnsoftmax_cross_entropy_with_logits,670
nnsoftsign,22
nnswish,18
nnscale_regularization_loss,3
nnsufficient_statistics,5
nnsparse_softmax_cross_entropy_with_logits,478
nnselu,20
nnsigmoid_cross_entropy_with_logits,502
nnsampled_softmax_loss,48
nnseparable_conv2d,30
nnsafe_embedding_lookup_sparse,1
nnRNNCellResidualWrapper,0
nnnce_loss,40
nnRNNCellDropoutWrapper,2
nnRNNCellDeviceWrapper,0
nnrelu6,217
nnrelu,6911
nnpool,26
nnnormalize_moments,5
nnmax_pool_with_argmax,22
nnmax_pool,790
nnmax_pool3d,55
nnmax_pool2d,11
nnmax_pool1d,0
nnlog_softmax,206
nnmoments,328
nnlocal_response_normalization,55
nnl2_loss,676
nnfractional_avg_pool,7
nnfractional_max_pool,5
nnlog_poisson_loss,8
nnleaky_relu,389
nnerosion2d,12
nnembedding_lookup_sparse,22
nnembedding_lookup,988
nnelu,165
nndropout,1131
nndilation2d,16
nndepthwise_conv2d_backprop_input,0
nndepthwise_conv2d_backprop_filter,0
nndepth_to_space,12
nndepthwise_conv2d,181
nnconv_transpose,4
nnctc_greedy_decoder,29
nnctc_loss,42
nnctc_beam_search_decoder,35
nnconvolution,66
nnconv3d_transpose,60
nnconv2d_transpose,149
nnconv2d,1180
nnconv3d,138
nnctc_unique_labels,0
nnconv1d_transpose,5
nncrelu,13
nnconv1d,54
nncompute_average_loss,2
nnbatch_norm_with_global_normalization,10
nnbatch_normalization,203
nncompute_accidental_hits,3
nncollapse_repeated,0
nnavg_pool3d,37
nnbias_add,872
nnavg_pool2d,4
nnavg_pool1d,0
nestmap_structure,1057
nestis_nested,31
nnatrous_conv2d_transpose,2
nnatrous_conv2d,44
nestflatten,819
nnavg_pool,290
nestpack_sequence_as,284
mixed_precisionexperimentalDynamicLossScale,0
mlirexperimentalconvert_graph_def,0
mixed_precisionexperimentalFixedLossScale,0
nestassert_same_structure,209
mathzeta,7
mathzero_fraction,5
mathxlogy,12
mathxdivy,2
mixed_precisionexperimentalLossScale,4
mathunsorted_segment_min,4
mathunsorted_segment_mean,8
mathunsorted_segment_sum,73
mathunsorted_segment_sqrt_n,1
mathunsorted_segment_prod,10
mathtruediv,6
mathtop_k,22
mathtan,51
mathunsorted_segment_max,11
mathsubtract,11
mathsquared_difference,99
mathsquare,165
mathtanh,37
mathsqrt,1317
mathsegment_sum,30
mathsegment_prod,4
mathsign,15
mathsigmoid,41
mathsin,224
mathsinh,9
mathsoftplus,92
mathsegment_min,3
mathreduce_sum,88
mathreduce_variance,15
mathround,15
mathsegment_max,4
mathrint,6
mathscalar_mul,1
mathrsqrt,55
mathsegment_mean,8
mathreduce_std,25
mathreduce_prod,8
mathreduce_min,21
mathreduce_mean,87
mathreduce_max,45
mathreduce_logsumexp,8
mathreciprocal_no_nan,0
mathreciprocal,23
mathreal,24
mathpow,108
mathpolyval,5
mathpolygamma,2
mathnextafter,5
mathmultiply,53
mathreduce_euclidean_norm,1
mathnot_equal,23
mathreduce_any,12
mathminimum,33
mathnegative,3
mathndtri,7
mathmaximum,64
mathmultiply_no_nan,23
mathlogical_not,25
mathlogical_and,19
mathlgamma,66
mathlog_sigmoid,7
mathlogical_xor,5
mathlogical_or,14
mathlog1p,113
mathlog,1395
mathless,20
mathis_non_decreasing,1
mathless_equal,12
mathis_nan,42
mathlbeta,22
mathis_inf,14
mathl2_normalize,24
mathis_strictly_increasing,3
mathis_finite,29
mathimag,9
mathigammac,10
mathin_top_k,1
mathfloormod,21
mathgreater_equal,8
mathfloordiv,12
mathfloor,345
mathigamma,15
mathinvert_permutation,6
mathexpm1,39
mathdivide_no_nan,28
matherfc,12
matherf,61
mathequal,97
matherfinv,7
mathgreater,37
mathexp,533
mathdivide,47
mathdigamma,41
mathcumulative_logsumexp,1
mathcumsum,39
mathcumprod,10
mathcosh,7
mathcount_nonzero,38
mathcos,231
mathconfusion_matrix,6
mathbincount,16
mathbessel_i1e,7
mathbessel_i1,9
mathceil,757
mathconj,28
mathbessel_i0,15
mathatanh,2
mathbetainc,7
mathatan,66
mathatan2,58
mathasinh,2
mathbessel_i0e,13
mathasin,10
mathargmin,3
mathacos,13
mathacosh,2
mathargmax,31
mathangle,3
mathadd_n,17
mathadd,28
mathaccumulate_n,3
lookupexperimentalDenseHashTable,1
lookupTextFileInitializer,43
lookupStaticHashTable,8
mathabs,64
lookupKeyValueTensorInitializer,95
liteTFLiteConverter,40
lookupStaticVocabularyTable,4
liteexperimentalload_delegate,0
liteTargetSpec,0
liteRepresentativeDataset,1
linalgtridiagonal_solve,5
liteInterpreter,42
linalgtridiagonal_matmul,1
linalgtriangular_solve,65
linalgsvd,104
linalgtensor_diag,19
linalgsqrtm,4
linalgslogdet,15
linalgtrace,23
linalgtensor_diag_part,6
linalgsolve,97
linalgset_diag,43
linalgmatrix_transpose,37
linalgqr,31
linalgnormalize,0
linalgpinv,19
linalgmatvec,45
linalglu_solve,0
linalglu_reconstruct,0
linalgmatrix_rank,6
linalglu_matrix_inverse,0
linalglu,44
linalgmatmul,168
linalglstsq,18
linalglogm,0
linalgLinearOperatorScaledIdentity,11
linalgLinearOperatorLowRankUpdate,12
linalglogdet,5
linalgLinearOperatorToeplitz,1
linalgLinearOperatorZeros,1
linalgLinearOperatorKronecker,3
linalgLinearOperatorHouseholder,1
linalgLinearOperatorFullMatrix,31
linalgLinearOperatorDiag,46
linalgLinearOperatorLowerTriangular,42
linalgLinearOperatorInversion,1
linalgLinearOperatorPermutation,0
linalgLinearOperatorIdentity,14
linalgLinearOperatorComposition,1
linalgLinearOperatorCirculant3D,1
linalgLinearOperatorCirculant2D,1
linalgLinearOperatorCirculant,3
linalgLinearOperatorBlockDiag,7
linalgLinearOperatorAdjoint,1
linalgLinearOperator,215
linalginv,170
linalgcross,4
linalgglobal_norm,10
linalgdiag,169
linalgeigh,36
linalgdet,64
linalgexpm,5
linalgdiag_part,110
linalgeigvalsh,10
linalgcholesky,160
keraswrappersscikit_learnKerasRegressor,0
linalgadjoint,39
keraswrappersscikit_learnKerasClassifier,0
linalgband_part,47
linalgcholesky_solve,11
kerasutilsto_categorical,253
kerasutilsserialize_keras_object,20
kerasutilsSequenceEnqueuer,0
kerasutilsOrderedEnqueuer,0
kerasutilsnormalize,0
kerasutilsmulti_gpu_model,4
kerasutilsHDF5Matrix,0
kerasutilsregister_keras_serializable,80
kerasutilsProgbar,0
kerasutilsplot_model,6
kerasutilsmodel_to_dot,0
kerasutilsget_source_inputs,0
kerasutilsget_file,38
kerasutilsget_custom_objects,5
kerasutilsconvert_all_kernels_in_model,0
kerasutilsdeserialize_keras_object,20
kerasutilscustom_object_scope,8
kerasutilsGeneratorEnqueuer,0
kerasutilsCustomObjectScope,13
kerasregularizersget,45
kerasregularizersl2,191
kerasregularizersl1,13
kerasregularizersl1_l2,2
kerasregularizersserialize,40
keraspreprocessingtextTokenizer,10
keraspreprocessingtexthashing_trick,0
keraspreprocessingtexttokenizer_from_json,0
keraspreprocessingtexttext_to_word_sequence,0
keraspreprocessingtextone_hot,0
kerasregularizersdeserialize,0
keraspreprocessingsequenceTimeseriesGenerator,0
keraspreprocessingsequenceskipgrams,0
keraspreprocessingsequencepad_sequences,34
keraspreprocessingsequencemake_sampling_table,0
kerasregularizersL1L2,2
keraspreprocessingimagesave_img,2
keraspreprocessingimagerandom_zoom,1
keraspreprocessingimagerandom_channel_shift,0
keraspreprocessingimagerandom_brightness,0
keraspreprocessingimageNumpyArrayIterator,1
keraspreprocessingimagerandom_shear,0
keraspreprocessingimagerandom_rotation,0
keraspreprocessingimageload_img,12
keraspreprocessingimageIterator,2
keraspreprocessingimagerandom_shift,0
keraspreprocessingimageimg_to_array,9
keraspreprocessingimagearray_to_img,0
keraspreprocessingimageapply_brightness_shift,0
keraspreprocessingimageDirectoryIterator,2
keraspreprocessingimageapply_channel_shift,0
kerasoptimizersschedulesserialize,0
kerasoptimizersschedulesPolynomialDecay,4
keraspreprocessingimageapply_affine_transform,0
kerasoptimizersschedulesInverseTimeDecay,5
kerasoptimizersschedulesExponentialDecay,9
kerasoptimizersschedulesPiecewiseConstantDecay,5
kerasoptimizersschedulesLearningRateSchedule,36
kerasoptimizersRMSprop,26
kerasoptimizersOptimizer,76
kerasoptimizersget,5
kerasoptimizersSGD,176
kerasoptimizersserialize,17
kerasoptimizersschedulesdeserialize,1
kerasoptimizersNadam,4
kerasoptimizersAdagrad,5
kerasoptimizersFtrl,2
kerasoptimizersdeserialize,18
kerasmodelssave_model,16
kerasoptimizersAdamax,2
kerasoptimizersAdam,307
kerasoptimizersAdadelta,23
kerasmodelsmodel_from_config,11
kerasmodelsmodel_from_yaml,1
kerasmixed_precisionexperimentalPolicy,13
kerasmixed_precisionexperimentalset_policy,14
kerasmodelsmodel_from_json,10
kerasmixed_precisionexperimentalglobal_policy,0
kerasmodelsload_model,66
kerasmodelsclone_model,26
kerasmixed_precisionexperimentalLossScaleOptimizer,4
kerasmetricsTruePositives,2
kerasmetricsSum,2
kerasmetricsTopKCategoricalAccuracy,1
kerasmetricstop_k_categorical_accuracy,4
kerasmetricsSpecificityAtSensitivity,1
kerasmetricsSquaredHinge,2
kerasmetricssparse_categorical_accuracy,4
kerasmetricssparse_top_k_categorical_accuracy,0
kerasmetricsTrueNegatives,1
kerasmetricsRecall,5
kerasmetricsPrecisionAtRecall,0
kerasmetricsserialize,1
kerasmetricsSparseTopKCategoricalAccuracy,2
kerasmetricsSparseCategoricalCrossentropy,5
kerasmetricsPoisson,1
kerasmetricsMeanSquaredLogarithmicError,1
kerasmetricsSparseCategoricalAccuracy,75
kerasmetricsMeanTensor,0
kerasmetricsMetric,14
kerasmetricsSensitivityAtSpecificity,1
kerasmetricsRootMeanSquaredError,1
kerasmetricsPrecision,5
kerasmetricsMeanSquaredError,3
kerasmetricsMeanRelativeError,0
kerasmetricsMeanIoU,3
kerasmetricsMeanAbsoluteError,3
kerasmetricsLogCoshError,1
kerasmetricsMean,139
kerasmetricsKLDivergence,1
kerasmetricsMeanAbsolutePercentageError,2
kerasmetricsCategoricalHinge,2
kerasmetricscategorical_accuracy,18
kerasmetricsFalseNegatives,2
kerasmetricsFalsePositives,2
kerasmetricsget,2
kerasmetricsdeserialize,1
kerasmetricsHinge,2
kerasmetricsBinaryAccuracy,12
kerasmetricsBinaryCrossentropy,1
kerasmetricsCategoricalCrossentropy,1
kerasmetricsbinary_accuracy,1
kerasmetricsCosineSimilarity,1
kerasmetricsCategoricalAccuracy,9
kerasmetricsAUC,18
kerasmetricsAccuracy,11
keraslossessquared_hinge,1
keraslossesSquaredHinge,2
keraslossessparse_categorical_crossentropy,41
keraslossesSparseCategoricalCrossentropy,49
keraslossesserialize,6
keraslossespoisson,0
keraslossesMeanAbsolutePercentageError,2
keraslossesMSE,9
keraslossesMeanSquaredLogarithmicError,2
keraslossesMeanSquaredError,18
keraslossesMSLE,0
keraslossesMeanAbsoluteError,5
keraslossesMAPE,0
keraslossesPoisson,1
keraslosseslogcosh,0
keraslossesLoss,12
keraslossesHuber,1
keraslossesLogCosh,1
keraslossesMAE,0
keraslossesKLDivergence,1
keraslossesCosineSimilarity,0
keraslosseshinge,1
keraslossesHinge,2
keraslossescategorical_crossentropy,55
keraslossesdeserialize,6
keraslossesget,5
keraslossescategorical_hinge,0
keraslossescosine_similarity,0
keraslayersexperimentalpreprocessingTextVectorization,0
keraslayersexperimentalpreprocessingPreprocessingLayer,0
keraslossesbinary_crossentropy,14
keraslossesBinaryCrossentropy,42
keraslossesCategoricalCrossentropy,17
keraslayersZeroPadding3D,7
keraslayersZeroPadding2D,62
keraslayersexperimentalpreprocessingNormalization,0
keraslossesCategoricalHinge,1
keraslayersZeroPadding1D,5
keraslayersWrapper,12
keraslayersUpSampling3D,3
keraslayersUpSampling2D,43
keraslayersTimeDistributed,96
keraslayersThresholdedReLU,6
keraslayerssubtract,2
keraslayersUpSampling1D,4
keraslayersSimpleRNN,62
keraslayersSubtract,4
keraslayersStackedRNNCells,9
keraslayersSimpleRNNCell,44
keraslayersSpatialDropout3D,4
keraslayersSeparableConv2D,29
keraslayersSpatialDropout2D,5
keraslayersserialize,19
keraslayersSoftmax,3
keraslayersRNN,33
keraslayersReshape,77
keraslayersRepeatVector,12
keraslayersSeparableConv1D,6
keraslayersMinimum,0
keraslayersReLU,58
keraslayersPReLU,20
keraslayersSpatialDropout1D,8
keraslayersPermute,0
keraslayersminimum,0
keraslayersMaxPool3D,7
keraslayersMaxPool2D,50
keraslayersmaximum,0
keraslayersLocallyConnected1D,3
keraslayersMaxPool1D,6
keraslayersLSTMCell,83
keraslayersLSTM,180
keraslayersLocallyConnected2D,3
keraslayersMasking,13
keraslayersMaximum,3
keraslayersInputLayer,33
keraslayersLayerNormalization,78
keraslayersLayer,655
keraslayersLeakyReLU,75
keraslayersGRU,61
keraslayersGRUCell,27
keraslayersLambda,78
keraslayersInputSpec,43
keraslayersGlobalMaxPool3D,4
keraslayersGlobalMaxPool2D,4
keraslayersGlobalMaxPool1D,3
keraslayersGlobalAveragePooling3D,5
keraslayersGlobalAveragePooling2D,54
keraslayersGlobalAveragePooling1D,8
keraslayersdot,2
keraslayersGaussianNoise,3
keraslayersGaussianDropout,4
keraslayersFlatten,186
keraslayersELU,1
keraslayersDropout,326
keraslayersDot,1
keraslayersDense,1379
keraslayersEmbedding,169
keraslayersCropping3D,3
keraslayersdeserialize,20
keraslayersCropping2D,7
keraslayersCropping1D,2
keraslayersDepthwiseConv2D,33
keraslayersDenseFeatures,62
keraslayersConvLSTM2D,9
keraslayersConv3DTranspose,7
keraslayersConv3D,28
keraslayersConv2D,637
keraslayersConv2DTranspose,81
keraslayersConv1D,53
keraslayersconcatenate,50
keraslayersConcatenate,66
keraslayersAveragePooling3D,6
keraslayersAttention,0
keraslayersAverage,88
keraslayersAveragePooling2D,77
keraslayersaverage,1
keraslayersBidirectional,46
keraslayersBatchNormalization,275
keraslayersAlphaDropout,1
keraslayersAveragePooling1D,2
keraslayersadd,45
keraslayersAdditiveAttention,0
keraslayersAdd,69
keraslayersActivityRegularization,0
keraslayersActivation,204
keraslayersAbstractRNNCell,12
kerasinitializersVarianceScaling,21
kerasinitializersTruncatedNormal,26
kerasinitializersserialize,49
kerasinitializersOrthogonal,1
kerasinitializerslecun_uniform,0
kerasinitializershe_normal,42
kerasinitializerslecun_normal,0
kerasinitializersInitializer,10
kerasinitializersget,74
kerasinitializersIdentity,0
kerasinitializersGlorotNormal,5
kerasinitializershe_uniform,1
kerasinitializersGlorotUniform,9
kerasexperimentalWideDeepModel,0
kerasexperimentalSequenceFeatures,0
kerasexperimentalPeepholeLSTMCell,7
kerasexperimentalNoisyLinearCosineDecay,1
kerasexperimentalterminate_keras_multiprocessing_pools,0
kerasinitializersdeserialize,0
kerasexperimentalLinearModel,0
kerasexperimentalLinearCosineDecay,1
kerasexperimentalCosineDecayRestarts,1
kerasexperimentalCosineDecay,4
kerasestimatormodel_to_estimator,8
kerasdatasetsmnistload_data,42
kerasdatasetsimdbload_data,17
kerasdatasetsimdbget_word_index,9
kerasdatasetsreutersload_data,0
kerasdatasetsreutersget_word_index,0
kerasdatasetsfashion_mnistload_data,8
kerasdatasetsboston_housingload_data,1
kerasdatasetscifar100load_data,0
kerasdatasetscifar10load_data,6
kerasconstraintsserialize,34
kerasconstraintsRadialConstraint,0
kerasconstraintsMinMaxNorm,0
kerasconstraintsMaxNorm,0
kerasconstraintsUnitNorm,0
kerasconstraintsget,43
kerasconstraintsdeserialize,1
kerascallbacksTerminateOnNaN,3
kerasconstraintsNonNeg,1
kerasconstraintsConstraint,5
kerascallbacksRemoteMonitor,0
kerascallbacksProgbarLogger,0
kerascallbacksModelCheckpoint,46
kerascallbacksTensorBoard,35
kerascallbacksReduceLROnPlateau,6
kerascallbacksLearningRateScheduler,8
kerascallbacksLambdaCallback,2
kerascallbacksHistory,5
kerascallbacksCallback,91
kerascallbacksBaseLogger,1
kerasbackendzeros_like,9
kerasbackendvariable,74
kerascallbacksEarlyStopping,16
kerascallbacksCSVLogger,1
kerasbackendzeros,19
kerasbackendupdate_add,0
kerasbackendtruncated_normal,0
kerasbackendtranspose,13
kerasbackendvar,74
kerasbackendupdate_sub,0
kerasbackendupdate,0
kerasbackendto_dense,0
kerasbackendtile,9
kerasbackendswitch,5
kerasbackendsum,21
kerasbackendtemporal_padding,0
kerasbackendtanh,0
kerasbackendspatial_3d_padding,0
kerasbackendspatial_2d_padding,0
kerasbackendsquare,2
kerasbackendstop_gradient,0
kerasbackendstd,0
kerasbackendsqueeze,8
kerasbackendsqrt,3
kerasbackendstack,3
kerasbackendsparse_categorical_crossentropy,1
kerasbackendsoftsign,0
kerasbackendsoftplus,0
kerasbackendsoftmax,0
kerasbackendsin,0
kerasbackendshape,39
kerasbackendsign,0
kerasbackendsigmoid,0
kerasbackendset_value,5
kerasbackendset_learning_phase,46
kerasbackendset_image_data_format,5
kerasbackendset_floatx,6
kerasbackendset_epsilon,2
kerasbackendseparable_conv2d,0
kerasbackendresize_volumes,0
kerasbackendresize_images,1
kerasbackendreshape,60
kerasbackendreset_uids,0
kerasbackendrepeat_elements,2
kerasbackendround,5
kerasbackendrnn,0
kerasbackendreverse,0
kerasbackendrepeat,2
kerasbackendrelu,0
kerasbackendrandom_uniform,0
kerasbackendrandom_normal_variable,0
kerasbackendrandom_normal,1
kerasbackendrandom_binomial,0
kerasbackendrandom_uniform_variable,0
kerasbackendprint_tensor,0
kerasbackendone_hot,4
kerasbackendpool3d,0
kerasbackendpool2d,0
kerasbackendprod,1
kerasbackendpermute_dimensions,1
kerasbackendplaceholder,15
kerasbackendones_like,8
kerasbackendpow,1
kerasbackendones,22
kerasbackendnormalize_batch_in_training,0
kerasbackendndim,4
kerasbackendmin,11
kerasbackendname_scope,15
kerasbackendmean,5
kerasbackendnot_equal,3
kerasbackendmaximum,17
kerasbackendmoving_average_update,0
kerasbackendminimum,11
kerasbackendmax,26
kerasbackendless,4
kerasbackendmap_fn,0
kerasbackendmanual_variable_initialization,0
kerasbackendlog,7
kerasbackendlocal_conv2d,0
kerasbackendlocal_conv1d,0
kerasbackendless_equal,2
kerasbackendl2_normalize,0
kerasbackendin_top_k,0
kerasbackendin_test_phase,0
kerasbackendis_sparse,4
kerasbackendlearning_phase,12
kerasbackendis_keras_tensor,0
kerasbackendin_train_phase,9
kerasbackendget_value,40
kerasbackendgreater,4
kerasbackendint_shape,24
kerasbackendgreater_equal,1
kerasbackendgradients,1
kerasbackendget_uid,5
kerasbackendimage_data_format,38
kerasbackendhard_sigmoid,3
kerasbackendgather,27
kerasbackendfunction,18
kerasbackendfoldr,0
kerasbackendfoldl,0
kerasbackendfloatx,46
kerasbackendflatten,4
kerasbackendexp,64
kerasbackendequal,7
kerasbackendeval,125
kerasbackendepsilon,46
kerasbackendelu,0
kerasbackendeye,0
kerasbackenddtype,5
kerasbackendexpand_dims,62
kerasbackenddropout,0
kerasbackenddot,44
kerasbackenddepthwise_conv2d,0
kerasbackendcumprod,0
kerasbackendctc_decode,1
kerasbackendctc_batch_cost,0
kerasbackendcos,0
kerasbackendconv3d,0
kerasbackendconv2d_transpose,0
kerasbackendconv2d,0
kerasbackendconv1d,0
kerasbackendcount_params,0
kerasbackendcast_to_floatx,1
kerasbackendconcatenate,32
kerasbackendclip,3
kerasbackendclear_session,68
kerasbackendcategorical_crossentropy,1
kerasbackendctc_label_dense_to_sparse,0
kerasbackendcast,42
kerasbackendconstant,16
kerasbackendbinary_crossentropy,2
kerasbackendcumsum,0
kerasbackendbias_add,7
kerasbackendbatch_set_value,6
kerasbackendbatch_normalization,0
kerasbackendbatch_get_value,8
kerasbackendbatch_flatten,0
kerasbackendbatch_dot,0
kerasbackendargmax,8
kerasbackendall,1
kerasbackendarange,12
kerasbackendany,1
kerasbackendbackend,5
kerasbackendargmin,0
kerasapplicationsvgg19preprocess_input,2
kerasapplicationsxceptionpreprocess_input,1
kerasapplicationsxceptiondecode_predictions,0
kerasbackendabs,2
kerasapplicationsvgg19decode_predictions,0
kerasapplicationsvgg16preprocess_input,1
kerasapplicationsvgg16decode_predictions,0
kerasapplicationsresnetpreprocess_input,0
kerasapplicationsresnet_v2preprocess_input,0
kerasapplicationsresnetdecode_predictions,0
kerasapplicationsresnet_v2decode_predictions,0
kerasapplicationsmobilenet_v2decode_predictions,0
kerasapplicationsnasnetpreprocess_input,0
kerasapplicationsnasnetdecode_predictions,0
kerasapplicationsmobilenet_v2preprocess_input,1
kerasapplicationsmobilenetdecode_predictions,0
kerasapplicationsmobilenetpreprocess_input,2
kerasapplicationsinception_resnet_v2preprocess_input,0
kerasapplicationsinception_v3preprocess_input,1
kerasapplicationsinception_v3decode_predictions,0
kerasapplicationsimagenet_utilsdecode_predictions,0
kerasapplicationsinception_resnet_v2decode_predictions,0
kerasapplicationsimagenet_utilspreprocess_input,1
kerasapplicationsdensenetpreprocess_input,0
kerasapplicationsdensenetdecode_predictions,0
kerasapplicationsXception,2
kerasapplicationsVGG19,3
kerasapplicationsVGG16,2
kerasapplicationsResNet50V2,1
kerasapplicationsResNet50,6
kerasapplicationsResNet152,2
kerasapplicationsResNet152V2,1
kerasapplicationsInceptionV3,0
kerasapplicationsInceptionResNetV2,0
kerasapplicationsNASNetLarge,0
kerasapplicationsResNet101,2
kerasapplicationsMobileNetV2,7
kerasapplicationsMobileNet,7
kerasapplicationsNASNetMobile,0
kerasapplicationsResNet101V2,1
kerasactivationssoftplus,2
kerasapplicationsDenseNet121,2
kerasactivationssoftsign,2
kerasactivationstanh,22
kerasapplicationsDenseNet201,0
kerasapplicationsDenseNet169,0
kerasactivationssigmoid,7
kerasactivationsselu,2
kerasactivationshard_sigmoid,2
kerasactivationsrelu,53
kerasactivationssoftmax,30
kerasactivationsserialize,24
kerasactivationslinear,19
kerasactivationsget,39
kerasInput,236
kerasactivationsdeserialize,2
kerasactivationsexponential,0
kerasModel,947
kerasactivationselu,2
kerasSequential,582
iogfilelistdir,144
iogfilestat,2
iogfilerename,15
iogfileremove,5
iogfilemkdir,7
iogfilermtree,38
iogfilewalk,12
iogfilemakedirs,187
iogfileisdir,38
iogfileglob,67
iogfileGFile,544
iogfilecopy,33
iogfileexists,354
ioSparseFeature,0
ioTFRecordOptions,59
ioVarLenFeature,71
iowrite_graph,30
iowrite_file,4
ioserialize_sparse,0
ioserialize_tensor,1
ioTFRecordWriter,477
ioRaggedFeatureRowLengths,0
ioRaggedFeatureValueRowIds,0
ioRaggedFeatureRowSplits,0
ioread_file,85
ioserialize_many_sparse,0
ioRaggedFeatureRowLimits,0
ioRaggedFeatureRowStarts,0
ioRaggedFeatureUniformRowLength,0
ioRaggedFeature,0
ioparse_tensor,2
ioparse_single_sequence_example,2
ioparse_single_example,66
ioparse_sequence_example,0
iois_jpeg,0
ioFixedLenSequenceFeature,17
ioFixedLenFeature,211
ioextract_jpeg_shape,0
ioparse_example,17
iomatching_files,1
iomatch_filenames_once,0
ioencode_proto,0
ioencode_jpeg,1
ioencode_base64,1
iodeserialize_many_sparse,0
iodecode_raw,6
iodecode_jpeg,3
iodecode_proto,0
iodecode_png,3
iodecode_json_example,0
iodecode_bmp,0
iodecode_compressed,0
iodecode_gif,0
iodecode_csv,2
iodecode_and_crop_jpeg,0
iodecode_image,3
imagessim,25
imagetranspose,39
imagetotal_variation,6
imageyiq_to_rgb,0
imageyuv_to_rgb,0
iodecode_base64,0
imagesobel_edges,0
imagessim_multiscale,2
imagesample_distorted_bounding_box,104
imagerot90,9
imagergb_to_yuv,4
imagergb_to_hsv,2
imagergb_to_yiq,0
imagergb_to_grayscale,43
imageresize_with_pad,5
imagerandom_hue,201
imageresize,1286
imagerandom_saturation,267
imagerandom_jpeg_quality,1
imagerandom_flip_up_down,11
imageresize_with_crop_or_pad,3
imagerandom_flip_left_right,174
imagerandom_crop,32
imagerandom_brightness,304
imagepsnr,28
imageper_image_standardization,68
imagerandom_contrast,234
imagepad_to_bounding_box,66
imagenon_max_suppression_with_scores,1
imagenon_max_suppression_padded,2
imagenon_max_suppression,92
imageimage_gradients,0
imagehsv_to_rgb,1
imagenon_max_suppression_overlaps,0
imagedraw_bounding_boxes,88
imageextract_patches,2
imagegenerate_bounding_box_proposals,0
imageflip_up_down,14
imagegrayscale_to_rgb,26
imageflip_left_right,80
imageextract_glimpse,11
imagecrop_and_resize,120
imageadjust_jpeg_quality,0
imageencode_png,73
imagecentral_crop,45
imageconvert_image_dtype,290
imagecombined_non_max_suppression,1
imageadjust_saturation,6
imageadjust_hue,8
imageadjust_gamma,3
imageadjust_contrast,8
graph_utilimport_graph_def,2
imageadjust_brightness,7
imagecrop_to_bounding_box,100
feature_columnweighted_categorical_column,3
feature_columnnumeric_column,111
feature_columnmake_parse_example_spec,18
feature_columnsequence_numeric_column,0
feature_columnsequence_categorical_column_with_hash_bucket,0
feature_columnsequence_categorical_column_with_vocabulary_list,0
feature_columnsequence_categorical_column_with_identity,0
feature_columnshared_embeddings,0
feature_columnsequence_categorical_column_with_vocabulary_file,0
feature_columnembedding_column,31
feature_columnindicator_column,43
feature_columncrossed_column,10
feature_columncategorical_column_with_hash_bucket,29
feature_columncategorical_column_with_vocabulary_list,49
feature_columncategorical_column_with_vocabulary_file,1
feature_columnbucketized_column,16
feature_columncategorical_column_with_identity,40
estimatorexportRegressionOutput,7
estimatorexportServingInputReceiver,52
experimentaltensorrtConverter,0
estimatorexportPredictOutput,39
estimatorexportbuild_parsing_serving_input_receiver_fn,25
estimatorexportClassificationOutput,9
estimatorexportExportOutput,0
estimatorexportTensorServingInputReceiver,9
estimatorexportbuild_raw_serving_input_receiver_fn,16
estimatorexperimentalRNNClassifier,0
estimatorexperimentalstop_if_no_increase_hook,0
estimatorexperimentalstop_if_no_decrease_hook,0
estimatorexperimentalstop_if_lower_hook,0
estimatorexperimentalstop_if_higher_hook,0
estimatorexperimentalmake_stop_at_checkpoint_step_hook,0
estimatorexperimentalmake_early_stopping_hook,0
estimatorexperimentalRNNEstimator,0
estimatorexperimentalbuild_raw_supervised_input_receiver_fn,0
estimatorexperimentalLinearSDCA,0
estimatorexperimentalInMemoryEvaluatorHook,0
estimatorexperimentalcall_logit_fn,0
estimatorWarmStartSettings,4
estimatorVocabInfo,0
estimatortrain_and_evaluate,56
estimatorTrainSpec,51
estimatorSummarySaverHook,1
estimatorStepCounterHook,1
estimatorSessionRunValues,0
estimatorStopAtStepHook,0
estimatorSessionRunHook,21
estimatorSessionRunContext,0
estimatorSessionRunArgs,5
estimatorRunConfig,176
estimatorregressor_parse_example_spec,0
estimatorRegressionHead,0
estimatorProfilerHook,3
estimatorPoissonRegressionHead,0
estimatorSecondOrStepTimer,2
estimatorNanLossDuringTrainingError,3
estimatorLogisticRegressionHead,0
estimatorMultiHead,0
estimatorMultiClassHead,0
estimatorMultiLabelHead,0
estimatorLinearClassifier,9
estimatorGlobalStepWaiterHook,0
estimatorLatestExporter,9
estimatorLoggingTensorHook,7
estimatorHead,5
estimatorLinearEstimator,17
estimatorNanTensorHook,0
estimatorFinalOpsHook,0
estimatorFinalExporter,19
estimatorFeedFnHook,0
estimatorExporter,3
estimatorEvalSpec,57
estimatorEstimatorSpec,298
estimatorLinearRegressor,6
estimatorEstimator,607
estimatorDNNRegressor,4
estimatorDNNLinearCombinedRegressor,1
estimatorclassifier_parse_example_spec,0
estimatorDNNLinearCombinedEstimator,0
estimatorDNNClassifier,22
estimatorDNNLinearCombinedClassifier,14
estimatorDNNEstimator,15
estimatorCheckpointSaverHook,2
estimatorBinaryClassHead,1
estimatorBoostedTreesRegressor,2
estimatorBoostedTreesClassifier,1
estimatorBoostedTreesEstimator,1
estimatorBaselineRegressor,0
estimatorBaselineEstimator,0
estimatoradd_metrics,4
estimatorBestExporter,2
errorsUnknownError,3
estimatorBaselineClassifier,0
errorsUnimplementedError,22
errorsUnavailableError,7
errorsUnauthenticatedError,5
errorsResourceExhaustedError,5
errorsDeadlineExceededError,16
errorsOpError,98
errorsOutOfRangeError,652
errorsFailedPreconditionError,39
errorsNotFoundError,130
errorsInternalError,6
errorsInvalidArgumentError,402
dtypessaturate_cast,0
errorsAbortedError,45
errorsPermissionDeniedError,15
errorsDataLossError,5
errorsAlreadyExistsError,22
errorsCancelledError,42
dtypesDType,13
dtypescomplex,50
dtypesas_dtype,132
distributeexperimentalTPUStrategy,16
distributeexperimentalParameterServerStrategy,2
distributeexperimentalMultiWorkerMirroredStrategy,15
distributecluster_resolverTPUClusterResolver,22
distributeexperimentalCentralStorageStrategy,0
distributecluster_resolverSimpleClusterResolver,0
distributecluster_resolverSlurmClusterResolver,0
distributecluster_resolverUnionResolver,0
distributecluster_resolverTFConfigClusterResolver,1
distributecluster_resolverKubernetesClusterResolver,0
distributecluster_resolverClusterResolver,2
distributeReductionToOneDevice,0
distributeStrategy,18
distributecluster_resolverGCEClusterResolver,0
distributeServer,3
distributeStrategyExtended,0
distributeReplicaContext,0
distributeOneDeviceStrategy,17
distributeNcclAllReduce,4
distributeMirroredStrategy,66
distributein_cross_replica_context,0
distributeget_strategy,2
distributeCrossDeviceOps,0
distributeInputContext,8
distributehas_strategy,7
distributeexperimental_set_strategy,0
distributeHierarchicalCopyAllReduce,0
debuggingis_numeric_tensor,2
distributeget_replica_context,18
debuggingget_log_device_placement,0
debuggingexperimentalenable_dump_debug_info,0
debuggingset_log_device_placement,7
debuggingenable_check_numerics,0
debuggingexperimentaldisable_dump_debug_info,0
debuggingdisable_check_numerics,0
debuggingcheck_numerics,36
debuggingassert_type,12
debuggingassert_shapes,16
debuggingassert_scalar,6
debuggingassert_same_float_dtype,5
debuggingassert_rank_in,3
debuggingassert_positive,12
debuggingassert_non_positive,2
debuggingassert_proper_iterable,1
debuggingassert_rank,15
debuggingassert_integer,2
debuggingassert_less,32
debuggingassert_less_equal,20
debuggingassert_near,11
debuggingassert_none_equal,2
debuggingassert_negative,2
debuggingassert_greater_equal,37
dataexperimentalunique,0
debuggingassert_greater,55
debuggingassert_equal,70
debuggingassert_rank_at_least,2
debuggingassert_all_finite,4
debuggingassert_non_negative,8
dataexperimentalunbatch,5
dataexperimentalto_variant,0
dataexperimentalThreadingOptions,0
dataexperimentalTFRecordWriter,1
dataexperimentaltake_while,1
dataexperimentalStatsOptions,0
dataexperimentalStatsAggregator,0
dataexperimentalSqlDataset,0
dataexperimentalprefetch_to_device,3
dataexperimentalscan,0
dataexperimentalrejection_resample,1
dataexperimentalsample_from_datasets,4
dataexperimentalshuffle_and_repeat,11
dataexperimentalReducer,0
dataexperimentalRandomDataset,0
dataexperimentalparse_example_dataset,0
dataexperimentalMapVectorizationOptions,0
dataexperimentalmap_and_batch,26
dataexperimentalOptimizationOptions,0
dataexperimentalmake_saveable_from_iterator,0
dataexperimentalmake_csv_dataset,1
dataexperimentalparallel_interleave,11
dataexperimentalmake_batched_features_dataset,13
dataexperimentallatency_stats,0
dataexperimentalignore_errors,1
dataexperimentalgroup_by_window,2
dataexperimentalgroup_by_reducer,0
dataexperimentalget_structure,3
dataexperimentalDistributeOptions,0
dataexperimentalfrom_variant,0
dataexperimentalCsvDataset,3
dataexperimentaldense_to_ragged_batch,0
dataexperimentalget_next_as_optional,0
dataexperimentalenumerate_dataset,0
dataexperimentalCounter,2
dataexperimentaldense_to_sparse_batch,0
dataexperimentalCheckpointInputPipelineHook,0
dataexperimentalchoose_from_datasets,2
dataexperimentalget_single_element,4
dataexperimentalcardinality,5
dataexperimentalcopy_to_device,0
dataexperimentalbytes_produced_stats,0
dataexperimentalbucket_by_sequence_length,2
dataTFRecordDataset,286
dataTextLineDataset,61
dataOptions,15
dataFixedLengthRecordDataset,8
dataDatasetSpec,0
dataDataset,1459
configthreadingset_intra_op_parallelism_threads,4
configthreadingset_inter_op_parallelism_threads,4
configthreadingget_intra_op_parallelism_threads,0
configthreadingget_inter_op_parallelism_threads,0
configoptimizerset_jit,2
configoptimizerset_experimental_options,4
configoptimizerget_jit,0
configoptimizerget_experimental_options,2
configexperimentalset_synchronous_execution,0
configexperimentalset_memory_growth,57
configexperimentalset_device_policy,0
configexperimentalget_synchronous_execution,0
configset_visible_devices,1
configset_logical_device_configuration,3
configset_soft_device_placement,5
configexperimentalenable_mlir_bridge,0
configexperimentaldisable_mlir_bridge,0
configexperimentalget_memory_growth,0
configexperimentalget_device_policy,0
configLogicalDeviceConfiguration,4
configLogicalDevice,4
configget_visible_devices,2
configget_soft_device_placement,1
configlist_physical_devices,16
configlist_logical_devices,5
configPhysicalDevice,0
configexperimental_run_functions_eagerly,8
configexperimental_functions_run_eagerly,7
configget_logical_device_configuration,0
configexperimental_connect_to_host,1
compatv1user_opsmy_fact,0
configexperimental_connect_to_cluster,14
compatv1trainexperimentalenable_mixed_precision_graph_rewrite,0
compatv1trainexperimentalMixedPrecisionLossScaleOptimizer,0
compatv1trainexperimentaldisable_mixed_precision_graph_rewrite,0
compatv1trainWorkerSessionCreator,1
compatv1trainwarm_start,0
compatv1trainupdate_checkpoint_state,0
compatv1trainstart_queue_runners,2
compatv1trainSyncReplicasOptimizer,0
compatv1trainSupervisor,0
compatv1trainsummary_iterator,5
compatv1trainstring_input_producer,0
compatv1trainslice_input_producer,0
compatv1trainSessionManager,0
compatv1trainsdca_fprint,0
compatv1trainSessionCreator,0
compatv1trainsdca_shrink_l1,0
compatv1trainsdca_optimizer,0
compatv1trainSingularMonitoredSession,2
compatv1trainshuffle_batch,0
compatv1trainshuffle_batch_join,0
compatv1trainremove_checkpoint,0
compatv1trainScaffold,6
compatv1trainSaver,34
compatv1trainRMSPropOptimizer,6
compatv1trainreplica_device_setter,12
compatv1trainrange_input_producer,0
compatv1trainProximalGradientDescentOptimizer,2
compatv1trainQueueRunner,1
compatv1trainProximalAdagradOptimizer,2
compatv1trainpolynomial_decay,5
compatv1trainpiecewise_constant,4
compatv1trainOptimizer,11
compatv1trainnoisy_linear_cosine_decay,0
compatv1trainMonitoredTrainingSession,1
compatv1trainMonitoredSessionStepContext,0
compatv1trainMonitoredSession,5
compatv1trainNewCheckpointReader,3
compatv1trainmaybe_shuffle_batch_join,0
compatv1trainmaybe_shuffle_batch,0
compatv1trainnatural_exp_decay,2
compatv1trainMomentumOptimizer,7
compatv1traininput_producer,0
compatv1trainmaybe_batch_join,0
compatv1trainlinear_cosine_decay,0
compatv1trainmaybe_batch,0
compatv1trainlimit_epochs,0
compatv1traininverse_time_decay,2
compatv1trainLooperThread,0
compatv1traininit_from_checkpoint,2
compatv1trainimport_meta_graph,3
compatv1trainGradientDescentOptimizer,55
compatv1trainglobal_step,2
compatv1trainget_or_create_global_step,75
compatv1trainget_checkpoint_mtimes,0
compatv1trainget_global_step,29
compatv1trainexport_meta_graph,1
compatv1traincosine_decay,3
compatv1traincosine_decay_restarts,1
compatv1trainexponential_decay,5
compatv1traincreate_global_step,8
compatv1traingenerate_checkpoint_state_proto,0
compatv1trainFtrlOptimizer,2
compatv1trainbatch_join,0
compatv1traindo_quantize_training_on_graphdef,0
compatv1trainCheckpoint,3
compatv1trainbatch,0
compatv1trainChiefSessionCreator,3
compatv1trainbasic_train_loop,0
compatv1trainassert_global_step,0
compatv1trainAdagradOptimizer,4
compatv1trainAdadeltaOptimizer,4
compatv1trainadd_queue_runner,0
compatv1trainAdamOptimizer,133
compatv1trainAdagradDAOptimizer,2
compatv1tpuexperimentalStochasticGradientDescentParameters,0
compatv1tpuexperimentalembedding_column,0
compatv1tpuexperimentalAdagradParameters,0
compatv1tpuexperimentalshared_embedding_columns,0
compatv1tpuexperimentalAdamParameters,0
compatv1traincheckpoint_exists,1
compatv1tpureplicate,0
compatv1tpucross_replica_sum,0
compatv1tpuinitialize_system,0
compatv1tpushard,0
compatv1tpuoutside_compilation,0
compatv1tpurewrite,0
compatv1tpushutdown_system,0
compatv1tpubatch_parallel,0
compatv1tpuCrossShardOptimizer,2
compatv1tpucore,0
compatv1testtest_src_dir_path,0
compatv1testcompute_gradient_error,0
compatv1testcompute_gradient,0
compatv1testStubOutForTesting,0
compatv1summarytext,1
compatv1testassert_equal_graph_def,0
compatv1testget_temp_dir,8
compatv1summarymerge,3
compatv1summaryscalar,38
compatv1summaryinitialize,0
compatv1summaryimage,48
compatv1summarymerge_all,3
compatv1summarytensor_summary,0
compatv1summaryaudio,5
compatv1summaryFileWriter,10
compatv1summaryget_summary_description,0
compatv1summaryall_v2_summary_ops,2
compatv1summaryhistogram,6
compatv1stringssplit,0
compatv1stringslength,0
compatv1stringssubstr,0
compatv1saved_modelmain_opmain_op,0
compatv1saved_modelregression_signature_def,0
compatv1saved_modelpredict_signature_def,0
compatv1saved_modelmain_op_with_restore,0
compatv1saved_modelsimple_save,2
compatv1saved_modelload,5
compatv1saved_modelis_valid_signature,0
compatv1saved_modelget_tensor_from_tensor_info,0
compatv1saved_modelclassification_signature_def,0
compatv1saved_modelbuild_tensor_info,0
compatv1saved_modelbuild_signature_def,0
compatv1saved_modelBuilder,1
compatv1saved_modelcontains_saved_model,0
compatv1resource_loaderload_resource,0
compatv1resource_loaderget_root_dir_with_all_resources,0
compatv1resource_loaderget_data_files_path,0
compatv1resource_loaderget_path_to_datafile,0
compatv1resource_loaderreadahead_file_path,0
compatv1randomstateless_multinomial,0
compatv1raggedRaggedTensorValue,2
compatv1raggedplaceholder,0
compatv1raggedconstant_value,0
compatv1profilerProfileOptionBuilder,2
compatv1profilerwrite_op_log,0
compatv1profilerProfiler,0
compatv1profilerprofile,2
compatv1profileradvise,0
compatv1nnrnn_cellLSTMStateTuple,5
compatv1nnrnn_cellRNNCell,8
compatv1nnrnn_cellLSTMCell,10
compatv1nnrnn_cellResidualWrapper,0
compatv1nnrnn_cellMultiRNNCell,11
compatv1nnxw_plus_b,1
compatv1nnrnn_cellGRUCell,4
compatv1nnrnn_cellDropoutWrapper,1
compatv1nnrnn_cellDeviceWrapper,0
compatv1nnrnn_cellBasicRNNCell,1
compatv1nnrnn_cellBasicLSTMCell,4
compatv1nnweighted_moments,0
compatv1nnweighted_cross_entropy_with_logits,0
compatv1nnsparse_softmax_cross_entropy_with_logits,3
compatv1nnstatic_rnn,0
compatv1nnsufficient_statistics,0
compatv1nnsoftmax_cross_entropy_with_logits_v2,2
compatv1nnsoftmax_cross_entropy_with_logits,2
compatv1nnsigmoid_cross_entropy_with_logits,0
compatv1nnsafe_embedding_lookup_sparse,0
compatv1nnstatic_state_saving_rnn,0
compatv1nnsampled_softmax_loss,0
compatv1nnstatic_bidirectional_rnn,0
compatv1nnseparable_conv2d,0
compatv1nnraw_rnn,0
compatv1nnrelu_layer,1
compatv1nnquantized_max_pool,0
compatv1nnquantized_conv2d,0
compatv1nnquantized_avg_pool,0
compatv1nnpool,0
compatv1nnnce_loss,0
compatv1nnmoments,0
compatv1nnmax_pool_with_argmax,0
compatv1nnquantized_relu_x,0
compatv1nnmax_pool,0
compatv1nnfractional_max_pool,0
compatv1nnerosion2d,0
compatv1nnfused_batch_norm,4
compatv1nnfractional_avg_pool,0
compatv1nnembedding_lookup,0
compatv1nnembedding_lookup_sparse,0
compatv1nndilation2d,0
compatv1nndynamic_rnn,12
compatv1nndropout,2
compatv1nndepthwise_conv2d,0
compatv1nnctc_loss,0
compatv1nndepthwise_conv2d_native,0
compatv1nnctc_beam_search_decoder,0
compatv1nncrelu,0
compatv1nnconvolution,0
compatv1nnconv3d_transpose,0
compatv1nnconv3d_backprop_filter,0
compatv1nnconv3d,0
compatv1nnconv2d_transpose,0
compatv1nnconv2d_backprop_input,2
compatv1nnconv2d_backprop_filter,0
compatv1nnbidirectional_dynamic_rnn,8
compatv1nnconv1d,0
compatv1nnconv2d,2
compatv1nnbatch_norm_with_global_normalization,0
compatv1nnavg_pool,0
compatv1metricstrue_positives_at_thresholds,0
compatv1metricstrue_positives,1
compatv1metricstrue_negatives_at_thresholds,0
compatv1metricstrue_negatives,1
compatv1metricsspecificity_at_sensitivity,0
compatv1metricsroot_mean_squared_error,0
compatv1metricssparse_precision_at_k,0
compatv1metricssparse_average_precision_at_k,0
compatv1metricssensitivity_at_specificity,0
compatv1metricsrecall_at_top_k,0
compatv1metricsprecision_at_thresholds,0
compatv1metricsrecall_at_k,0
compatv1metricsprecision_at_top_k,0
compatv1metricsrecall,3
compatv1metricspercentage_below,0
compatv1metricsrecall_at_thresholds,0
compatv1metricsmean_squared_error,2
compatv1metricsmean_per_class_accuracy,0
compatv1metricsmean_relative_error,0
compatv1metricsmean_tensor,0
compatv1metricsprecision_at_k,0
compatv1metricsmean_iou,0
compatv1metricsprecision,4
compatv1metricsmean_cosine_distance,0
compatv1metricsfalse_positives_at_thresholds,0
compatv1metricsfalse_positives,1
compatv1metricsfalse_negatives_at_thresholds,0
compatv1metricsfalse_negatives,1
compatv1metricsmean_absolute_error,0
compatv1metricsmean,31
compatv1metricsaverage_precision_at_k,0
compatv1mathlog_softmax,0
compatv1metricsauc,0
compatv1metricsaccuracy,6
compatv1mathin_top_k,0
compatv1lossesmean_squared_error,11
compatv1lossesmean_pairwise_squared_error,1
compatv1losseslog_loss,1
compatv1lossessigmoid_cross_entropy,1
compatv1mathsoftmax,0
compatv1lossessparse_softmax_cross_entropy,10
compatv1lossessoftmax_cross_entropy,7
compatv1losseshuber_loss,7
compatv1losseshinge_loss,1
compatv1lossesget_total_loss,5
compatv1lossesget_regularization_losses,0
compatv1lossesget_regularization_loss,0
compatv1lossesadd_loss,0
compatv1lossesabsolute_difference,2
compatv1lossescosine_distance,2
compatv1lossesget_losses,0
compatv1lossescompute_weighted_loss,3
compatv1lookupStaticHashTable,0
compatv1loggingwarning,18
compatv1lookupStaticVocabularyTable,0
compatv1loggingwarn,24
compatv1loggingvlog,1
compatv1loggingTaskLevelStatusMessage,0
compatv1loggingset_verbosity,21
compatv1logginglog_if,0
compatv1logginglog_first_n,0
compatv1logginglog_every_n,0
compatv1loggingget_verbosity,0
compatv1logginglog,0
compatv1loggingflush,0
compatv1logginginfo,53
compatv1liteexperimentalnnTfLiteRNNCell,0
compatv1loggingdebug,1
compatv1loggingerror,4
compatv1liteexperimentalnnTFLiteLSTMCell,0
compatv1liteexperimentalnndynamic_rnn,0
compatv1loggingfatal,0
compatv1litetoco_convert,0
compatv1liteexperimentalget_potentially_supported_ops,0
compatv1liteTFLiteConverter,0
compatv1liteexperimentalconvert_op_hints_to_stubs,0
compatv1liteOpHintOpHintArgumentTracker,0
compatv1liteOpHint,0
compatv1linalgl2_normalize,0
compatv1layersSeparableConv2D,0
compatv1layersmax_pooling3d,0
compatv1layersseparable_conv1d,0
compatv1layersseparable_conv2d,0
compatv1layersSeparableConv1D,0
compatv1layersmax_pooling2d,5
compatv1layersflatten,0
compatv1layersmax_pooling1d,0
compatv1layersMaxPooling2D,0
compatv1layersexperimentalset_keras_style,0
compatv1layersLayer,0
compatv1layersMaxPooling1D,0
compatv1layersMaxPooling3D,0
compatv1layersconv3d,0
compatv1layersFlatten,0
compatv1layersdropout,3
compatv1layersDropout,0
compatv1layersDense,1
compatv1layersdense,34
compatv1layersconv3d_transpose,0
compatv1layersConv3DTranspose,0
compatv1layersconv2d,5
compatv1layersConv1D,0
compatv1layersConv2D,0
compatv1layersConv3D,0
compatv1layersconv2d_transpose,0
compatv1layersaverage_pooling1d,0
compatv1layersAveragePooling3D,0
compatv1layersConv2DTranspose,0
compatv1layersBatchNormalization,1
compatv1layersconv1d,0
compatv1layersbatch_normalization,1
compatv1layersaverage_pooling3d,0
compatv1layersaverage_pooling2d,0
compatv1layersAveragePooling2D,0
compatv1layersAveragePooling1D,0
compatv1keraslayersexperimentalpreprocessingTextVectorization,0
compatv1keraslayersexperimentalpreprocessingNormalization,0
compatv1keraslayersGRUCell,2
compatv1keraslayersGRU,2
compatv1keraslayersDenseFeatures,2
compatv1keraslayersCuDNNLSTM,0
compatv1keraslayersCuDNNGRU,0
compatv1keraslayersBatchNormalization,0
compatv1keraslayersLSTMCell,3
compatv1keraslayersLSTM,3
compatv1kerasinitializersTruncatedNormal,0
compatv1kerasinitializersOrthogonal,0
compatv1kerasinitializersZeros,0
compatv1kerasinitializersRandomUniform,0
compatv1kerasinitializersOnes,0
compatv1kerasinitializersVarianceScaling,9
compatv1kerasinitializersRandomNormal,0
compatv1kerasinitializerslecun_normal,0
compatv1kerasinitializersInitializer,0
compatv1kerasinitializershe_normal,2
compatv1kerasinitializerslecun_uniform,0
compatv1kerasinitializersglorot_uniform,4
compatv1kerasinitializersIdentity,0
compatv1kerasinitializersglorot_normal,0
compatv1kerasinitializershe_uniform,0
compatv1kerasinitializersConstant,0
compatv1kerasexperimentalload_from_saved_model,0
compatv1kerasexperimentalexport_saved_model,0
compatv1kerasestimatormodel_to_estimator,0
compatv1kerascallbacksTensorBoard,0
compatv1kerasbackendset_session,2
compatv1kerasbackendname_scope,0
compatv1kerasbackendget_session,2
compatv1iotf_record_iterator,2
compatv1imagesample_distorted_bounding_box,0
compatv1imageresize_nearest_neighbor,2
compatv1imageresize_image_with_pad,0
compatv1imageresize_bilinear,4
compatv1imageresize_bicubic,1
compatv1imageextract_glimpse,0
compatv1graph_utiltensor_shape_from_node_def_name,1
compatv1imageresize_area,0
compatv1imageresize,11
compatv1imagedraw_bounding_boxes,0
compatv1graph_utilremove_training_nodes,4
compatv1imagecrop_and_resize,1
compatv1graph_utilconvert_variables_to_constants,5
compatv1gfileWalk,0
compatv1graph_utilmust_run_on_cpu,1
compatv1gfileStat,0
compatv1graph_utilextract_sub_graph,6
compatv1gfileMkDir,0
compatv1gfileMakeDirs,0
compatv1gfileListDirectory,0
compatv1gfileGlob,0
compatv1gfileFastGFile,7
compatv1gfileCopy,0
compatv1gfileExists,0
compatv1gfileDeleteRecursively,0
compatv1gfileRemove,0
compatv1gfileRename,0
compatv1flagstf_decoratortf_stackStackTraceTransform,0
compatv1flagstf_decoratortf_stackStackSummary,0
compatv1flagstf_decoratortf_stackFrameSummary,0
compatv1flagstf_decoratortf_stackStackTraceMapper,0
compatv1flagstf_decoratortf_stackextract_stack,0
compatv1flagstf_decoratortf_stackStackTraceFilter,0
compatv1flagstf_decoratortf_stackCurrentModuleFilter,0
compatv1flagstf_decoratorTFDecorator,0
compatv1flagstf_decoratorrewrap,0
compatv1flagstf_decoratorunwrap,0
compatv1gfileIsDirectory,0
compatv1flagsUnrecognizedFlagError,0
compatv1flagsvalidator,0
compatv1flagstf_decoratormake_decorator,0
compatv1flagsWhitespaceSeparatedListParser,0
compatv1flagstext_wrap,0
compatv1flagsmark_flag_as_required,0
compatv1flagsmulti_flags_validator,0
compatv1flagsregister_validator,0
compatv1flagsregister_multi_flags_validator,0
compatv1flagsmark_flags_as_mutual_exclusive,0
compatv1flagsMultiFlag,0
compatv1flagsmark_flags_as_required,0
compatv1flagsMultiEnumClassFlag,0
compatv1flagsmark_bool_flags_as_mutual_exclusive,0
compatv1flagsListSerializer,0
compatv1flagsListParser,0
compatv1flagsFloatParser,0
compatv1flagsget_help_width,0
compatv1flagsflag_dict_to_args,0
compatv1flagsIntegerParser,0
compatv1flagsEnumParser,0
compatv1flagsFlagValues,0
compatv1flagsEnumFlag,0
compatv1flagsFLAGS,1
compatv1flagsEnumClassParser,0
compatv1flagsEnumClassFlag,0
compatv1flagsdoc_to_help,0
compatv1flagsDEFINE_string,23
compatv1flagsDEFINE_spaceseplist,0
compatv1flagsDEFINE_multi_string,0
compatv1flagsdisclaim_key_flags,0
compatv1flagsDEFINE_multi_integer,0
compatv1flagsFlag,0
compatv1flagsDEFINE_multi_float,0
compatv1flagsDEFINE_integer,28
compatv1flagsDEFINE_multi_enum_class,0
compatv1flagsDEFINE_multi_enum,0
compatv1flagsDEFINE_multi,0
compatv1flagsDEFINE_list,0
compatv1flagsDEFINE_float,24
compatv1flagsDEFINE_flag,0
compatv1flagsDEFINE,111
compatv1flagsDEFINE_enum_class,0
compatv1flagsDEFINE_enum,0
compatv1flagsCsvListSerializer,0
compatv1flagsDEFINE_bool,36
compatv1flagsDEFINE_alias,0
compatv1flagsBaseListParser,0
compatv1flagsadopt_module_key_flags,0
compatv1flagsBooleanParser,0
compatv1flagsdeclare_key_flag,0
compatv1flagsArgumentParser,0
compatv1flagsBooleanFlag,0
compatv1flagsArgumentSerializer,0
compatv1feature_columnlinear_model,0
compatv1feature_columninput_layer,4
compatv1feature_columnshared_embedding_columns,0
compatv1feature_columncategorical_column_with_vocabulary_file,0
compatv1feature_columnmake_parse_example_spec,0
compatv1experimentaloutput_all_intermediates,0
compatv1estimatortpuTPUEstimator,14
compatv1estimatortpuRunConfig,6
compatv1estimatortpuTPUConfig,1
compatv1estimatortpuexperimentalEmbeddingConfigSpec,0
compatv1estimatorinputspandas_input_fn,0
compatv1estimatortpuTPUEstimatorSpec,5
compatv1estimatorinputsnumpy_input_fn,13
compatv1estimatorregressor_parse_example_spec,0
compatv1estimatorexperimentallinear_logit_fn_builder,0
compatv1estimatorexperimentalKMeans,0
compatv1estimatorLinearRegressor,0
compatv1estimatorLinearEstimator,1
compatv1estimatorexperimentaldnn_logit_fn_builder,0
compatv1estimatorDNNLinearCombinedClassifier,0
compatv1estimatorEstimator,0
compatv1estimatorDNNRegressor,0
compatv1estimatorDNNLinearCombinedRegressor,0
compatv1estimatorDNNClassifier,0
compatv1estimatorLinearClassifier,0
compatv1estimatorDNNLinearCombinedEstimator,0
compatv1estimatorDNNEstimator,1
compatv1estimatorclassifier_parse_example_spec,0
compatv1errorserror_code_from_exception_type,0
compatv1estimatorBaselineRegressor,0
compatv1estimatorBaselineEstimator,0
compatv1estimatorBaselineClassifier,0
compatv1errorsraise_exception_on_not_ok_status,0
compatv1errorsexception_type_from_error_code,0
compatv1distributionsStudentT,0
compatv1distributionsReparameterizationType,0
compatv1distributionsMultinomial,0
compatv1distributionsUniform,0
compatv1distributionsRegisterKL,0
compatv1distributionsLaplace,0
compatv1distributionskl_divergence,0
compatv1distributionsDirichletMultinomial,0
compatv1distributionsGamma,0
compatv1distributionsExponential,0
compatv1distributionsDirichlet,0
compatv1distributionsNormal,0
compatv1distributionsDistribution,0
compatv1distributionsCategorical,0
compatv1distributionsBeta,0
compatv1distributionsBernoulli,0
compatv1distributeexperimentalTPUStrategy,0
compatv1distributeexperimentalParameterServerStrategy,0
compatv1distributeexperimentalMultiWorkerMirroredStrategy,0
compatv1distributeexperimentalCentralStorageStrategy,0
compatv1distributeMirroredStrategy,0
compatv1distributeget_loss_reduction,0
compatv1distributeStrategy,0
compatv1distributeStrategyExtended,0
compatv1distributeOneDeviceStrategy,0
compatv1dataexperimentalStatsAggregator,0
compatv1debuggingassert_shapes,0
compatv1dataexperimentalTensorStructure,0
compatv1dataexperimentalTensorArrayStructure,0
compatv1dataexperimentalSqlDataset,0
compatv1dataexperimentalSparseTensorStructure,0
compatv1dataexperimentalRaggedTensorStructure,0
compatv1dataexperimentalmake_batched_features_dataset,0
compatv1dataexperimentalsample_from_datasets,0
compatv1dataexperimentalRandomDataset,0
compatv1dataexperimentalmake_csv_dataset,0
compatv1dataexperimentalmap_and_batch_with_legacy_function,0
compatv1dataexperimentalCounter,0
compatv1dataexperimentalchoose_from_datasets,0
compatv1datamake_one_shot_iterator,51
compatv1datamake_initializable_iterator,18
compatv1dataexperimentalCsvDataset,0
compatv1dataTextLineDataset,0
compatv1dataTFRecordDataset,0
compatv1dataget_output_types,6
compatv1dataget_output_shapes,13
compatv1dataget_output_classes,0
compatv1dataFixedLengthRecordDataset,0
compatv1dataDataset,3
compatv1dataIterator,6
compatv1autographto_graph,0
compatv1autographto_code,0
compatv1apprun,17
compatv1zeros_like,0
compatv1wrap_function,2
compatv1WholeFileReader,0
compatv1while_loop,1
compatv1where,37
compatv1verify_tensor_all_finite,0
compatv1variable_axis_size_partitioner,0
compatv1VariableScope,1
compatv1variable_scope,150
compatv1uniform_unit_scaling_initializer,0
compatv1tuple,0
compatv1variables_initializer,16
compatv1truncated_normal_initializer,7
compatv1trainable_variables,16
compatv1to_int64,0
compatv1to_int32,0
compatv1to_float,0
compatv1to_double,0
compatv1transpose,1
compatv1to_complex64,0
compatv1to_bfloat16,0
compatv1to_complex128,0
compatv1Variable,3
compatv1tables_initializer,15
compatv1TextLineReader,0
compatv1TFRecordReader,11
compatv1substr,0
compatv1string_to_hash_bucket,0
compatv1string_split,0
compatv1string_to_number,0
compatv1squeeze,0
compatv1sparse_to_dense,6
compatv1sparse_split,0
compatv1sparse_segment_sum,0
compatv1sparse_segment_sqrt_n,0
compatv1sparse_merge,0
compatv1sparse_reduce_sum,0
compatv1sparse_reduce_sum_sparse,0
compatv1sparse_segment_mean,0
compatv1sparse_placeholder,0
compatv1sparse_matmul,0
compatv1sparse_reduce_max,0
compatv1sparse_reduce_max_sparse,0
compatv1SparseConditionalAccumulator,0
compatv1SparseTensorValue,0
compatv1sparse_concat,0
compatv1space_to_depth,0
compatv1sparse_add,1
compatv1space_to_batch,2
compatv1size,0
compatv1shape,0
compatv1set_random_seed,41
compatv1setdiff1d,0
compatv1Session,237
compatv1scatter_sub,0
compatv1scatter_mul,0
compatv1scatter_nd_sub,0
compatv1scatter_nd_update,0
compatv1serialize_many_sparse,0
compatv1scatter_nd_add,0
compatv1scalar_mul,0
compatv1scatter_update,18
compatv1scatter_min,0
compatv1scatter_add,2
compatv1scatter_div,0
compatv1scatter_max,0
compatv1serialize_sparse,0
compatv1resource_variables_enabled,1
compatv1reverse_sequence,0
compatv1reset_default_graph,50
compatv1reduce_sum,0
compatv1report_uninitialized_variables,4
compatv1reduce_logsumexp,0
compatv1reduce_all,0
compatv1reduce_prod,0
compatv1reduce_join,0
compatv1reduce_min,0
compatv1reduce_any,0
compatv1reduce_max,0
compatv1reduce_mean,0
compatv1random_poisson,0
compatv1quantize_v2,0
compatv1Print,6
compatv1random_normal_initializer,4
compatv1random_uniform_initializer,5
compatv1py_func,6
compatv1placeholder,193
compatv1parse_single_example,2
compatv1placeholder_with_default,10
compatv1parse_example,0
compatv1ReaderBase,0
compatv1pad,1
compatv1ones_like,0
compatv1no_regularizer,0
compatv1norm,0
compatv1min_max_variable_partitioner,1
compatv1multinomial,0
compatv1model_variables,1
compatv1local_variables_initializer,63
compatv1moving_average_variables,0
compatv1make_template,3
compatv1load_file_system_library,0
compatv1LMDBReader,0
compatv1local_variables,66
compatv1is_variable_initialized,1
compatv1InteractiveSession,1
compatv1initialize_variables,0
compatv1initialize_local_variables,0
compatv1initialize_all_variables,22
compatv1initialize_all_tables,0
compatv1IdentityReader,0
compatv1gradients,0
compatv1hessians,0
compatv1get_session_handle,0
compatv1global_variables_initializer,499
compatv1global_variables,516
compatv1get_session_tensor,0
compatv1get_variable_scope,11
compatv1get_variable,103
compatv1get_default_session,5
compatv1get_seed,1
compatv1get_collection,33
compatv1get_local_variable,0
compatv1gather_nd,1
compatv1get_default_graph,53
compatv1get_collection_ref,2
compatv1floor_div,1
compatv1gather,1
compatv1extract_image_patches,0
compatv1expand_dims,0
compatv1enable_v2_tensorshape,1
compatv1executing_eagerly,2
compatv1FixedLengthRecordReader,0
compatv1fixed_size_partitioner,0
compatv1enable_v2_behavior,40
compatv1disable_v2_tensorshape,1
compatv1enable_tensor_equality,1
compatv1enable_resource_variables,38
compatv1enable_eager_execution,47
compatv1enable_control_flow_v2,0
compatv1disable_tensor_equality,1
compatv1disable_v2_behavior,6
compatv1disable_resource_variables,0
compatv1disable_eager_execution,40
compatv1delete_session_tensor,0
compatv1disable_control_flow_v2,0
compatv1Dimension,70
compatv1DeviceSpec,0
compatv1device,10
compatv1depth_to_space,1
compatv1create_partitioned_variables,0
compatv1decode_csv,0
compatv1count_up_to,0
compatv1count_nonzero,3
compatv1convert_to_tensor,0
compatv1convert_to_tensor_or_indexed_slices,0
compatv1decode_raw,1
compatv1convert_to_tensor_or_sparse_tensor,0
compatv1control_flow_v2_enabled,0
compatv1container,0
compatv1constant,7
compatv1confusion_matrix,0
compatv1ConditionalAccumulatorBase,0
compatv1ConditionalAccumulator,0
compatv1cond,0
compatv1colocate_with,1
compatv1clip_by_average_norm,0
compatv1case,0
compatv1boolean_mask,0
compatv1bincount,0
compatv1batch_to_space_nd,2
compatv1batch_gather,3
compatv1assign,63
compatv1assign_sub,2
compatv1batch_scatter_update,0
compatv1assign_add,18
compatv1batch_to_space,2
compatv1assert_rank_at_least,0
compatv1assert_variables_initialized,0
compatv1assert_type,0
compatv1assert_rank,0
compatv1assert_rank_in,0
compatv1assert_scalar,0
compatv1assert_non_positive,0
compatv1assert_less,6
compatv1assert_positive,0
compatv1assert_non_negative,1
compatv1assert_none_equal,0
compatv1assert_negative,0
compatv1assert_near,0
compatv1assert_less_equal,4
compatv1assert_integer,0
compatv1argmin,0
compatv1assert_greater,4
compatv1arg_max,0
compatv1assert_greater_equal,1
compatv1argmax,0
compatv1assert_equal,7
compatv1arg_min,0
compatv1add_to_collection,6
compatv1all_variables,0
compatv1add_check_numerics_ops,0
compatv1add_to_collections,1
compatpath_to_str,0
compatdimension_value,157
compatdimension_at_index,3
compatas_text,138
compatas_str_any,22
compatas_bytes,448
compatforward_compatible,0
bitwiseinvert,2
bitwiseleft_shift,12
bitwisebitwise_xor,5
bitwiseright_shift,13
bitwisebitwise_or,22
bitwisebitwise_and,14
autographto_code,1
autographtrace,0
autographexperimentaldo_not_convert,7
autographset_verbosity,7
autodiffForwardAccumulator,0
autographto_graph,1
audioencode_wav,4
audiodecode_wav,8
zeros_like,2403
zeros_initializer,1017
zeros,22447
where,15818
vectorized_map,20
while_loop,844
VariableSaveSliceInfo,19
unstack,1123
unique_with_counts,41
TypeSpec,34
unravel_index,91
tuple,24887
unique,5192
Variable,17556
truncatemod,3
truncatediv,2
transpose,12059
timestamp,2444
tile,9653
tensor_scatter_nd_update,28
tensor_scatter_nd_sub,10
TensorSpec,1722
tensordot,328
TensorShape,3375
TensorArray,1283
tensor_scatter_nd_add,13
Tensor,65934
strided_slice,228
split,33813
stop_gradient,1014
TensorArraySpec,0
stack,14650
SparseTensorSpec,15
switch_case,5
squeeze,9320
space_to_batch_nd,84
space_to_batch,198
sort,13182
slice,10735
size,228180
shape_n,317
shape,233385
scatter_nd,297
roll,5575
reverse_sequence,121
scan,1637
reverse,4723
searchsorted,152
reshape,29354
sequence_mask,346
required_space_to_batch_paddings,23
RegisterGradient,513
repeat,6065
register_tensor_conversion_function,46
reduce_all,340
recompute_grad,9
realdiv,7
rank,16947
random_uniform_initializer,331
random_normal_initializer,994
RaggedTensorSpec,1
range,63406
RaggedTensor,84
py_function,109
parallel_stack,17
one_hot,5043
pad,52188
OptionalSpec,0
Operation,3077
ones_like,1698
print,89492
ones_initializer,136
numpy_function,60
no_gradient,6
norm,63884
ones,13871
no_op,703
load_op_library,146
Module,7502
map_fn,844
make_tensor_proto,168
nondifferentiable_batch_function,0
make_ndarray,24
meshgrid,636
name_scope,11010
linspace,1589
load_library,70
is_tensor,415
gather_nd,831
gather,5893
function,53957
foldr,42
foldl,84
executing_eagerly,719
fingerprint,60
fill,6599
ensure_shape,17
expand_dims,8072
extract_volume_patches,0
eye,2081
einsum,895
eigvals,228
eig,129981
edit_distance,302
DeviceSpec,158
dynamic_stitch,99
dynamic_partition,117
device,21752
custom_gradient,121
CriticalSection,4
convert_to_tensor,5862
control_dependencies,3119
constant_initializer,1865
constant,33036
broadcast_to,473
clip_by_norm,119
clip_by_global_norm,338
cast,19794
cond,22586
case,15501
concat,22416
clip_by_value,1067
broadcast_dynamic_shape,94
boolean_mask,835
bitcast,28
batch_to_space,156
argsort,845
broadcast_static_shape,106
